{
    "accuracy": 0.8691275167785235,
    "weighted_f1": 0.8769078836647095
}